Workbook

Sheet Preliminary Grades
A1: Last Name | B1: Student ID | C1: Preliminary Grade
A2: Aguayo | B2: 20693695 | C2: ='Grading Audit'!F5 -> 87
A3: Dong | B3: 20687939 | C3: ='Grading Audit'!F6 -> 97
A4: Garcia | B4: 20689943 | C4: ='Grading Audit'!F7 -> 94
A5: Guerrero | B5: 20701493 | C5: ='Grading Audit'!F8 -> 88
A6: Hamilton | B6: 20672759 | C6: ='Grading Audit'!F9 -> 99
A7: Harrison | B7: 20695109 | C7: ='Grading Audit'!F10 -> 69
A8: Hossain | B8: 20660590 | C8: ='Grading Audit'!F11 -> 57
A9: Lam | B9: 20693757 | C9: ='Grading Audit'!F12 -> 86
A10: Locashio | B10: 20693381 | C10: ='Grading Audit'!F13 -> 74
A11: Martinez-Amaro | B11: 20698625 | C11: ='Grading Audit'!F14 -> 81
A12: Moore | B12: 20694059 | C12: ='Grading Audit'!F15 -> 76
A13: Needles | B13: 20686013 | C13: ='Grading Audit'!F16 -> 100
... A22: Viramontes | B22: 20698411 | C22: ='Grading Audit'!F25 -> 89
A23: Nishikawa | B23: 20694193 | C23: 0
A24: Catano | B24: 20696016 | C24: 0
A25: Hale | B25: 20702102 | C25: 0

Sheet Grading Audit
A1: Problem Set 1 Preliminary Grading Audit
A2: Rubric: completeness, bug-free execution, and meeting requirements are equally weighted. Final grades are normalized to 100%.
A4: Last Name | B4: Student ID | C4: Completeness | D4: Bug-Free | E4: Meets Requirements | F4: Preliminary Grade | G4: Preliminary Notes | H4: Submission File
A5: Aguayo | B5: Not found | C5: 87 | D5: 100 | E5: 73 | F5: =ROUND(AVERAGE(C5:E5),0) -> 87 | G5: All three exercises are coded; Exercise 1 has no submitted plot. Exercise 3 uses tuples where the required inner course/student containers were lists. | H5: Problem_Set__1.ipynb
A6: Dong | B6: Not found | C6: 100 | D6: 100 | E6: 90 | F6: =ROUND(AVERAGE(C6:E6),0) -> 97 | G6: Exercises 1 and 2 meet the requirements. Exercise 3 has the right roster contents, but the final outer object is a list enclosed in parentheses rather than a 3-element tuple. | H6: Bao - Homework 1 - Computer Science 1.pdf
A7: Garcia | B7: 20689943 | C7: 100 | D7: 100 | E7: 83 | F7: =ROUND(AVERAGE(C7:E7),0) -> 94 | G7: Complete and executable. Exercise 1 plots in Python rather than via spreadsheet; Exercise 3 has the required tuple/list structure but substantially different roster data/course naming. | H7: Garcia_20689943.ipynb
A8: Guerrero | B8: 20701493 | C8: 87 | D8: 100 | E8: 77 | F8: =ROUND(AVERAGE(C8:E8),0) -> 88 | G8: No submitted plot for Exercise 1. Exercise 3 has the requested tuple/list structure, but the Calculus and Physics student lists do not match the assigned roster data. | H8: Maggy_Guerrero_20701493.ipynb
A9: Hamilton | B9: 20672759 | C9: 100 | D9: 100 | E9: 98 | F9: =ROUND(AVERAGE(C9:E9),0) -> 99 | G9: Complete and executable with plot evidence. Exercise 3 structure is correct; minor course-label differences ('Calculus 1', 'Physics 1'). | H9: Hamilton_20672759.ipynb
A10: Harrison | B10: Not found | C10: 70 | D10: 100 | E10: 37 | F10: =ROUND(AVERAGE(C10:E10),0) -> 69 | G10: Exercise 1 evaluates all ten points but no plot is submitted. Exercise 2 collects grades but overwrites one variable and never prints the required final report card. Exercise 3 does not build the required nested tuple/list object. | H10: homework1.ipynb
A11: Hossain | B11: 20660590 | C11: 37 | D11: 100 | E11: 33 | F11: =ROUND(AVERAGE(C11:E11),0) -> 57 | G11: Exercise 1 evaluates the ten cosine values but has no submitted plot. Exercise 2 stops after input collection and Exercise 3 is absent. The submitted code itself is syntactically valid. | H11: Hossain_20660590.ipynb
A12: Lam | B12: 20693757 | C12: 83 | D12: 100 | E12: 75 | F12: =ROUND(AVERAGE(C12:E12),0) -> 86 | G12: Exercise 1 omits x=3.0 and has no submitted plot. Exercise 2 collects/prints all grades but does not use dotted leaders. Exercise 3 is structurally correct. | H12: Aleck Lam 20693757 Problem Set 1 Python Fundamentals.ipynb
A13: Locashio | B13: 20693381 | C13: 87 | D13: 67 | E13: 67 | F13: =ROUND(AVERAGE(C13:E13),0) -> 74 | G13: Exercise 1 has all ten values but no plot, and a prose sentence was placed in a code cell, producing a SyntaxError on Run All. Exercise 3 is over-nested and does not match the required [course, [students]] elements. | H13: Locashio_20693381.ipynb
A14: Martinez-Amaro | B14: 20698625 | C14: 80 | D14: 100 | E14: 63 | F14: =ROUND(AVERAGE(C14:E14),0) -> 81 | G14: Exercise 1 has all ten evaluations but no submitted plot. Exercise 2 is satisfactory. Exercise 3 collects names but does not construct the required tuple of course-list structures. | H14: martinez_20698625.ipynb
A15: Moore | B15: Not found | C15: 90 | D15: 67 | E15: 70 | F15: =ROUND(AVERAGE(C15:E15),0) -> 76 | G15: Exercise 1 is plotted in Python rather than a spreadsheet. Exercise 2 collects inputs but does not print the required final report card. Exercise 3 uses a list rather than an outer tuple; later 'failed attempt' cells raise NameError. | H15: Homework Problem Set 1.ipynb
A16: Needles | B16: 20686013 | C16: 100 | D16: 100 | E16: 100 | F16: =ROUND(AVERAGE(C16:E16),0) -> 100 | G16: All three exercises are complete, execute cleanly, and satisfy the requested structures/output. | H16: Needles_20686013.ipynb
... A25: Viramontes | B25: 20698411 | C25: 90 | D25: 100 | E25: 77 | F25: =ROUND(AVERAGE(C25:E25),0) -> 89 | G25: Exercise 1 includes plot evidence. Exercise 2 collects all inputs but does not print a final report card after collection. Exercise 3 uses a list rather than the required outer tuple. | H25: viramontes_christain20698411.ipynb
